participant,trial,response
0,0,no_difference
0,1,enable
0,2,no_difference
0,3,cause
0,4,affect
0,5,cause
0,6,enable
0,7,enable
0,8,cause
0,9,enable
0,10,enable
0,11,enable
0,12,cause
0,13,enable
0,14,affect
0,15,cause
0,16,cause
0,17,affect
0,18,enable
0,19,enable
0,20,affect
0,21,enable
0,22,no_difference
0,23,no_difference
0,24,affect
0,25,enable
0,26,cause
0,27,enable
0,28,no_difference
0,29,no_difference
0,30,no_difference
1,0,no_difference
1,1,enable
1,2,affect
1,3,cause
1,4,affect
1,5,cause
1,6,affect
1,7,enable
1,8,cause
1,9,cause
1,10,affect
1,11,enable
1,12,cause
1,13,enable
1,14,enable
1,15,cause
1,16,cause
1,17,enable
1,18,enable
1,19,cause
1,20,affect
1,21,enable
1,22,no_difference
1,23,no_difference
1,24,enable
1,25,enable
1,26,enable
1,27,enable
1,28,affect
1,29,no_difference
1,30,no_difference
2,0,no_difference
2,1,enable
2,2,no_difference
2,3,affect
2,4,no_difference
2,5,cause
2,6,affect
2,7,enable
2,8,enable
2,9,cause
2,10,enable
2,11,affect
2,12,cause
2,13,affect
2,14,cause
2,15,cause
2,16,enable
2,17,affect
2,18,enable
2,19,affect
2,20,affect
2,21,affect
2,22,no_difference
2,23,no_difference
2,24,affect
2,25,enable
2,26,affect
2,27,affect
2,28,no_difference
2,29,no_difference
2,30,no_difference
3,0,no_difference
3,1,enable
3,2,no_difference
3,3,cause
3,4,no_difference
3,5,cause
3,6,enable
3,7,enable
3,8,cause
3,9,cause
3,10,affect
3,11,enable
3,12,cause
3,13,affect
3,14,affect
3,15,cause
3,16,cause
3,17,affect
3,18,enable
3,19,affect
3,20,no_difference
3,21,enable
3,22,no_difference
3,23,no_difference
3,24,affect
3,25,enable
3,26,affect
3,27,affect
3,28,no_difference
3,29,no_difference
3,30,no_difference
4,0,no_difference
4,1,enable
4,2,no_difference
4,3,no_difference
4,4,no_difference
4,5,cause
4,6,no_difference
4,7,no_difference
4,8,affect
4,9,cause
4,10,affect
4,11,enable
4,12,cause
4,13,cause
4,14,enable
4,15,cause
4,16,cause
4,17,affect
4,18,enable
4,19,cause
4,20,affect
4,21,enable
4,22,no_difference
4,23,no_difference
4,24,no_difference
4,25,enable
4,26,affect
4,27,affect
4,28,no_difference
4,29,no_difference
4,30,no_difference
5,0,no_difference
5,1,no_difference
5,2,affect
5,3,affect
5,4,enable
5,5,affect
5,6,cause
5,7,no_difference
5,8,enable
5,9,no_difference
5,10,cause
5,11,cause
5,12,cause
5,13,affect
5,14,cause
5,15,affect
5,16,affect
5,17,no_difference
5,18,enable
5,19,affect
5,20,enable
5,21,cause
5,22,no_difference
5,23,no_difference
5,24,enable
5,25,no_difference
5,26,affect
5,27,no_difference
5,28,no_difference
5,29,no_difference
5,30,no_difference
6,0,no_difference
6,1,enable
6,2,no_difference
6,3,affect
6,4,affect
6,5,affect
6,6,affect
6,7,enable
6,8,enable
6,9,affect
6,10,affect
6,11,affect
6,12,enable
6,13,affect
6,14,affect
6,15,affect
6,16,affect
6,17,affect
6,18,affect
6,19,enable
6,20,enable
6,21,enable
6,22,no_difference
6,23,no_difference
6,24,affect
6,25,enable
6,26,enable
6,27,affect
6,28,no_difference
6,29,no_difference
6,30,no_difference
7,0,no_difference
7,1,enable
7,2,no_difference
7,3,cause
7,4,no_difference
7,5,cause
7,6,cause
7,7,enable
7,8,cause
7,9,cause
7,10,cause
7,11,enable
7,12,cause
7,13,cause
7,14,affect
7,15,cause
7,16,cause
7,17,affect
7,18,enable
7,19,enable
7,20,affect
7,21,enable
7,22,no_difference
7,23,no_difference
7,24,cause
7,25,enable
7,26,affect
7,27,enable
7,28,affect
7,29,no_difference
7,30,no_difference
8,0,no_difference
8,1,enable
8,2,no_difference
8,3,cause
8,4,no_difference
8,5,cause
8,6,cause
8,7,affect
8,8,cause
8,9,cause
8,10,enable
8,11,cause
8,12,cause
8,13,cause
8,14,affect
8,15,cause
8,16,cause
8,17,affect
8,18,enable
8,19,cause
8,20,affect
8,21,enable
8,22,no_difference
8,23,no_difference
8,24,enable
8,25,enable
8,26,cause
8,27,enable
8,28,no_difference
8,29,no_difference
8,30,no_difference
9,0,no_difference
9,1,enable
9,2,no_difference
9,3,affect
9,4,no_difference
9,5,cause
9,6,cause
9,7,enable
9,8,affect
9,9,cause
9,10,cause
9,11,enable
9,12,cause
9,13,cause
9,14,enable
9,15,cause
9,16,cause
9,17,affect
9,18,enable
9,19,affect
9,20,affect
9,21,enable
9,22,no_difference
9,23,no_difference
9,24,cause
9,25,enable
9,26,affect
9,27,enable
9,28,affect
9,29,no_difference
9,30,no_difference
10,0,no_difference
10,1,affect
10,2,no_difference
10,3,enable
10,4,affect
10,5,cause
10,6,cause
10,7,enable
10,8,enable
10,9,cause
10,10,affect
10,11,enable
10,12,cause
10,13,cause
10,14,affect
10,15,cause
10,16,affect
10,17,cause
10,18,enable
10,19,affect
10,20,affect
10,21,affect
10,22,no_difference
10,23,no_difference
10,24,enable
10,25,enable
10,26,affect
10,27,affect
10,28,affect
10,29,no_difference
10,30,no_difference
11,0,no_difference
11,1,no_difference
11,2,affect
11,3,affect
11,4,affect
11,5,cause
11,6,affect
11,7,enable
11,8,cause
11,9,cause
11,10,affect
11,11,enable
11,12,cause
11,13,affect
11,14,affect
11,15,cause
11,16,affect
11,17,affect
11,18,enable
11,19,affect
11,20,affect
11,21,enable
11,22,no_difference
11,23,no_difference
11,24,affect
11,25,no_difference
11,26,affect
11,27,affect
11,28,affect
11,29,no_difference
11,30,no_difference
12,0,no_difference
12,1,enable
12,2,no_difference
12,3,no_difference
12,4,no_difference
12,5,affect
12,6,affect
12,7,enable
12,8,enable
12,9,affect
12,10,enable
12,11,affect
12,12,cause
12,13,affect
12,14,enable
12,15,enable
12,16,enable
12,17,enable
12,18,enable
12,19,affect
12,20,no_difference
12,21,affect
12,22,no_difference
12,23,no_difference
12,24,affect
12,25,enable
12,26,enable
12,27,enable
12,28,no_difference
12,29,no_difference
12,30,no_difference
13,0,no_difference
13,1,enable
13,2,no_difference
13,3,cause
13,4,no_difference
13,5,cause
13,6,enable
13,7,enable
13,8,affect
13,9,cause
13,10,affect
13,11,enable
13,12,cause
13,13,cause
13,14,affect
13,15,cause
13,16,cause
13,17,affect
13,18,enable
13,19,affect
13,20,affect
13,21,enable
13,22,no_difference
13,23,no_difference
13,24,affect
13,25,enable
13,26,affect
13,27,affect
13,28,affect
13,29,no_difference
13,30,no_difference
14,0,no_difference
14,1,enable
14,2,no_difference
14,3,cause
14,4,no_difference
14,5,cause
14,6,affect
14,7,enable
14,8,affect
14,9,cause
14,10,cause
14,11,enable
14,12,cause
14,13,cause
14,14,enable
14,15,cause
14,16,cause
14,17,affect
14,18,enable
14,19,cause
14,20,no_difference
14,21,enable
14,22,no_difference
14,23,no_difference
14,24,cause
14,25,enable
14,26,cause
14,27,enable
14,28,affect
14,29,no_difference
14,30,no_difference
15,0,no_difference
15,1,enable
15,2,affect
15,3,affect
15,4,no_difference
15,5,cause
15,6,affect
15,7,enable
15,8,cause
15,9,cause
15,10,affect
15,11,enable
15,12,cause
15,13,cause
15,14,enable
15,15,affect
15,16,cause
15,17,enable
15,18,enable
15,19,enable
15,20,affect
15,21,cause
15,22,no_difference
15,23,no_difference
15,24,affect
15,25,enable
15,26,affect
15,27,affect
15,28,affect
15,29,no_difference
15,30,no_difference
16,0,no_difference
16,1,enable
16,2,affect
16,3,enable
16,4,no_difference
16,5,cause
16,6,cause
16,7,no_difference
16,8,cause
16,9,enable
16,10,enable
16,11,affect
16,12,cause
16,13,enable
16,14,enable
16,15,cause
16,16,affect
16,17,no_difference
16,18,enable
16,19,affect
16,20,affect
16,21,no_difference
16,22,no_difference
16,23,no_difference
16,24,affect
16,25,no_difference
16,26,affect
16,27,affect
16,28,no_difference
16,29,no_difference
16,30,no_difference
17,0,no_difference
17,1,enable
17,2,no_difference
17,3,cause
17,4,no_difference
17,5,cause
17,6,affect
17,7,enable
17,8,cause
17,9,cause
17,10,no_difference
17,11,enable
17,12,cause
17,13,enable
17,14,enable
17,15,cause
17,16,cause
17,17,affect
17,18,enable
17,19,enable
17,20,no_difference
17,21,enable
17,22,no_difference
17,23,no_difference
17,24,affect
17,25,enable
17,26,cause
17,27,affect
17,28,no_difference
17,29,no_difference
17,30,no_difference
18,0,no_difference
18,1,cause
18,2,cause
18,3,enable
18,4,enable
18,5,affect
18,6,enable
18,7,affect
18,8,enable
18,9,enable
18,10,affect
18,11,cause
18,12,enable
18,13,cause
18,14,cause
18,15,affect
18,16,affect
18,17,no_difference
18,18,cause
18,19,cause
18,20,enable
18,21,no_difference
18,22,no_difference
18,23,no_difference
18,24,cause
18,25,affect
18,26,affect
18,27,no_difference
18,28,cause
18,29,no_difference
18,30,no_difference
19,0,no_difference
19,1,enable
19,2,cause
19,3,cause
19,4,affect
19,5,cause
19,6,cause
19,7,enable
19,8,affect
19,9,cause
19,10,affect
19,11,affect
19,12,cause
19,13,cause
19,14,affect
19,15,affect
19,16,cause
19,17,enable
19,18,enable
19,19,affect
19,20,affect
19,21,affect
19,22,no_difference
19,23,no_difference
19,24,affect
19,25,enable
19,26,affect
19,27,enable
19,28,cause
19,29,no_difference
19,30,no_difference
20,0,no_difference
20,1,enable
20,2,no_difference
20,3,cause
20,4,no_difference
20,5,cause
20,6,cause
20,7,enable
20,8,no_difference
20,9,cause
20,10,affect
20,11,affect
20,12,cause
20,13,affect
20,14,affect
20,15,cause
20,16,cause
20,17,enable
20,18,enable
20,19,enable
20,20,enable
20,21,enable
20,22,no_difference
20,23,no_difference
20,24,cause
20,25,enable
20,26,affect
20,27,enable
20,28,no_difference
20,29,no_difference
20,30,no_difference
21,0,no_difference
21,1,enable
21,2,affect
21,3,affect
21,4,affect
21,5,cause
21,6,affect
21,7,enable
21,8,affect
21,9,cause
21,10,affect
21,11,cause
21,12,cause
21,13,cause
21,14,cause
21,15,cause
21,16,cause
21,17,affect
21,18,enable
21,19,cause
21,20,cause
21,21,affect
21,22,no_difference
21,23,no_difference
21,24,affect
21,25,enable
21,26,cause
21,27,cause
21,28,cause
21,29,no_difference
21,30,no_difference
22,0,no_difference
22,1,enable
22,2,no_difference
22,3,cause
22,4,affect
22,5,cause
22,6,affect
22,7,enable
22,8,enable
22,9,cause
22,10,affect
22,11,enable
22,12,cause
22,13,cause
22,14,enable
22,15,cause
22,16,cause
22,17,affect
22,18,enable
22,19,enable
22,20,cause
22,21,affect
22,22,no_difference
22,23,no_difference
22,24,enable
22,25,enable
22,26,cause
22,27,affect
22,28,affect
22,29,no_difference
22,30,no_difference
23,0,no_difference
23,1,enable
23,2,no_difference
23,3,affect
23,4,no_difference
23,5,cause
23,6,affect
23,7,enable
23,8,affect
23,9,affect
23,10,affect
23,11,cause
23,12,cause
23,13,cause
23,14,affect
23,15,affect
23,16,cause
23,17,enable
23,18,enable
23,19,enable
23,20,affect
23,21,enable
23,22,no_difference
23,23,no_difference
23,24,cause
23,25,enable
23,26,affect
23,27,enable
23,28,affect
23,29,no_difference
23,30,no_difference
24,0,no_difference
24,1,enable
24,2,affect
24,3,affect
24,4,no_difference
24,5,cause
24,6,enable
24,7,enable
24,8,cause
24,9,enable
24,10,enable
24,11,enable
24,12,cause
24,13,enable
24,14,affect
24,15,enable
24,16,cause
24,17,affect
24,18,enable
24,19,no_difference
24,20,affect
24,21,cause
24,22,no_difference
24,23,no_difference
24,24,enable
24,25,enable
24,26,cause
24,27,enable
24,28,affect
24,29,no_difference
24,30,no_difference
25,0,no_difference
25,1,enable
25,2,no_difference
25,3,affect
25,4,no_difference
25,5,cause
25,6,affect
25,7,enable
25,8,cause
25,9,affect
25,10,affect
25,11,affect
25,12,cause
25,13,enable
25,14,enable
25,15,cause
25,16,affect
25,17,affect
25,18,enable
25,19,affect
25,20,no_difference
25,21,affect
25,22,no_difference
25,23,no_difference
25,24,affect
25,25,enable
25,26,affect
25,27,affect
25,28,no_difference
25,29,no_difference
25,30,no_difference
26,0,no_difference
26,1,affect
26,2,no_difference
26,3,cause
26,4,affect
26,5,cause
26,6,affect
26,7,enable
26,8,affect
26,9,affect
26,10,affect
26,11,affect
26,12,cause
26,13,cause
26,14,enable
26,15,affect
26,16,enable
26,17,affect
26,18,enable
26,19,affect
26,20,affect
26,21,affect
26,22,no_difference
26,23,no_difference
26,24,enable
26,25,affect
26,26,enable
26,27,enable
26,28,no_difference
26,29,no_difference
26,30,no_difference
27,0,no_difference
27,1,affect
27,2,cause
27,3,affect
27,4,enable
27,5,enable
27,6,enable
27,7,cause
27,8,cause
27,9,enable
27,10,cause
27,11,affect
27,12,enable
27,13,enable
27,14,affect
27,15,enable
27,16,enable
27,17,cause
27,18,affect
27,19,cause
27,20,affect
27,21,cause
27,22,no_difference
27,23,cause
27,24,enable
27,25,cause
27,26,affect
27,27,cause
27,28,affect
27,29,no_difference
27,30,no_difference
28,0,affect
28,1,cause
28,2,cause
28,3,enable
28,4,cause
28,5,cause
28,6,cause
28,7,cause
28,8,cause
28,9,affect
28,10,cause
28,11,enable
28,12,affect
28,13,cause
28,14,cause
28,15,enable
28,16,affect
28,17,affect
28,18,cause
28,19,cause
28,20,cause
28,21,enable
28,22,enable
28,23,enable
28,24,cause
28,25,enable
28,26,enable
28,27,enable
28,28,cause
28,29,no_difference
28,30,cause
29,0,no_difference
29,1,no_difference
29,2,no_difference
29,3,cause
29,4,no_difference
29,5,cause
29,6,cause
29,7,no_difference
29,8,enable
29,9,cause
29,10,cause
29,11,enable
29,12,cause
29,13,cause
29,14,enable
29,15,cause
29,16,cause
29,17,affect
29,18,no_difference
29,19,no_difference
29,20,affect
29,21,enable
29,22,no_difference
29,23,no_difference
29,24,affect
29,25,no_difference
29,26,cause
29,27,cause
29,28,affect
29,29,no_difference
29,30,no_difference
30,0,no_difference
30,1,enable
30,2,affect
30,3,cause
30,4,affect
30,5,cause
30,6,affect
30,7,no_difference
30,8,cause
30,9,cause
30,10,cause
30,11,cause
30,12,cause
30,13,cause
30,14,cause
30,15,cause
30,16,cause
30,17,cause
30,18,enable
30,19,cause
30,20,cause
30,21,cause
30,22,no_difference
30,23,no_difference
30,24,enable
30,25,no_difference
30,26,cause
30,27,cause
30,28,cause
30,29,no_difference
30,30,no_difference
31,0,no_difference
31,1,cause
31,2,cause
31,3,cause
31,4,cause
31,5,cause
31,6,enable
31,7,affect
31,8,cause
31,9,cause
31,10,affect
31,11,cause
31,12,cause
31,13,affect
31,14,enable
31,15,cause
31,16,cause
31,17,affect
31,18,enable
31,19,enable
31,20,cause
31,21,enable
31,22,no_difference
31,23,no_difference
31,24,enable
31,25,enable
31,26,affect
31,27,enable
31,28,cause
31,29,no_difference
31,30,no_difference
32,0,no_difference
32,1,enable
32,2,affect
32,3,cause
32,4,no_difference
32,5,cause
32,6,enable
32,7,enable
32,8,cause
32,9,cause
32,10,cause
32,11,affect
32,12,cause
32,13,enable
32,14,cause
32,15,cause
32,16,cause
32,17,no_difference
32,18,enable
32,19,affect
32,20,cause
32,21,enable
32,22,no_difference
32,23,no_difference
32,24,affect
32,25,enable
32,26,cause
32,27,enable
32,28,affect
32,29,no_difference
32,30,no_difference
33,0,no_difference
33,1,affect
33,2,no_difference
33,3,affect
33,4,cause
33,5,enable
33,6,cause
33,7,enable
33,8,affect
33,9,cause
33,10,affect
33,11,affect
33,12,cause
33,13,cause
33,14,affect
33,15,cause
33,16,cause
33,17,affect
33,18,enable
33,19,enable
33,20,affect
33,21,affect
33,22,no_difference
33,23,no_difference
33,24,affect
33,25,enable
33,26,affect
33,27,no_difference
33,28,affect
33,29,no_difference
33,30,no_difference
34,0,affect
34,1,enable
34,2,affect
34,3,no_difference
34,4,affect
34,5,cause
34,6,affect
34,7,enable
34,8,enable
34,9,cause
34,10,affect
34,11,enable
34,12,cause
34,13,cause
34,14,affect
34,15,cause
34,16,cause
34,17,affect
34,18,enable
34,19,enable
34,20,cause
34,21,enable
34,22,no_difference
34,23,no_difference
34,24,affect
34,25,affect
34,26,affect
34,27,cause
34,28,affect
34,29,no_difference
34,30,no_difference
35,0,no_difference
35,1,enable
35,2,no_difference
35,3,enable
35,4,no_difference
35,5,cause
35,6,affect
35,7,no_difference
35,8,enable
35,9,affect
35,10,affect
35,11,enable
35,12,cause
35,13,enable
35,14,affect
35,15,enable
35,16,cause
35,17,enable
35,18,enable
35,19,no_difference
35,20,affect
35,21,enable
35,22,no_difference
35,23,no_difference
35,24,cause
35,25,no_difference
35,26,affect
35,27,affect
35,28,no_difference
35,29,no_difference
35,30,no_difference
36,0,no_difference
36,1,affect
36,2,enable
36,3,affect
36,4,affect
36,5,cause
36,6,affect
36,7,enable
36,8,affect
36,9,cause
36,10,affect
36,11,affect
36,12,cause
36,13,affect
36,14,affect
36,15,affect
36,16,cause
36,17,affect
36,18,enable
36,19,affect
36,20,cause
36,21,affect
36,22,no_difference
36,23,no_difference
36,24,affect
36,25,enable
36,26,affect
36,27,affect
36,28,affect
36,29,no_difference
36,30,no_difference
37,0,no_difference
37,1,enable
37,2,no_difference
37,3,cause
37,4,affect
37,5,cause
37,6,cause
37,7,no_difference
37,8,affect
37,9,cause
37,10,cause
37,11,cause
37,12,cause
37,13,cause
37,14,cause
37,15,cause
37,16,cause
37,17,affect
37,18,enable
37,19,affect
37,20,affect
37,21,cause
37,22,no_difference
37,23,no_difference
37,24,affect
37,25,enable
37,26,cause
37,27,cause
37,28,affect
37,29,no_difference
37,30,no_difference
38,0,no_difference
38,1,enable
38,2,no_difference
38,3,affect
38,4,no_difference
38,5,cause
38,6,cause
38,7,enable
38,8,cause
38,9,cause
38,10,affect
38,11,enable
38,12,cause
38,13,enable
38,14,enable
38,15,cause
38,16,cause
38,17,affect
38,18,enable
38,19,enable
38,20,affect
38,21,enable
38,22,no_difference
38,23,no_difference
38,24,enable
38,25,enable
38,26,enable
38,27,cause
38,28,affect
38,29,no_difference
38,30,no_difference
39,0,enable
39,1,enable
39,2,cause
39,3,cause
39,4,enable
39,5,cause
39,6,cause
39,7,enable
39,8,affect
39,9,cause
39,10,cause
39,11,enable
39,12,cause
39,13,affect
39,14,affect
39,15,enable
39,16,cause
39,17,cause
39,18,enable
39,19,cause
39,20,cause
39,21,enable
39,22,no_difference
39,23,no_difference
39,24,enable
39,25,enable
39,26,affect
39,27,enable
39,28,no_difference
39,29,no_difference
39,30,no_difference
40,0,no_difference
40,1,no_difference
40,2,no_difference
40,3,affect
40,4,no_difference
40,5,no_difference
40,6,no_difference
40,7,no_difference
40,8,no_difference
40,9,affect
40,10,no_difference
40,11,no_difference
40,12,affect
40,13,no_difference
40,14,enable
40,15,enable
40,16,no_difference
40,17,affect
40,18,no_difference
40,19,affect
40,20,no_difference
40,21,affect
40,22,enable
40,23,no_difference
40,24,no_difference
40,25,no_difference
40,26,affect
40,27,no_difference
40,28,no_difference
40,29,no_difference
40,30,no_difference
41,0,no_difference
41,1,enable
41,2,no_difference
41,3,affect
41,4,no_difference
41,5,cause
41,6,affect
41,7,enable
41,8,cause
41,9,cause
41,10,enable
41,11,affect
41,12,cause
41,13,affect
41,14,enable
41,15,cause
41,16,affect
41,17,affect
41,18,enable
41,19,affect
41,20,cause
41,21,affect
41,22,no_difference
41,23,no_difference
41,24,affect
41,25,enable
41,26,affect
41,27,affect
41,28,cause
41,29,no_difference
41,30,no_difference
42,0,no_difference
42,1,enable
42,2,affect
42,3,cause
42,4,affect
42,5,cause
42,6,cause
42,7,enable
42,8,affect
42,9,cause
42,10,affect
42,11,enable
42,12,cause
42,13,cause
42,14,enable
42,15,cause
42,16,cause
42,17,affect
42,18,enable
42,19,affect
42,20,affect
42,21,cause
42,22,no_difference
42,23,no_difference
42,24,affect
42,25,enable
42,26,enable
42,27,enable
42,28,no_difference
42,29,no_difference
42,30,no_difference
43,0,no_difference
43,1,no_difference
43,2,enable
43,3,affect
43,4,no_difference
43,5,enable
43,6,enable
43,7,enable
43,8,enable
43,9,no_difference
43,10,enable
43,11,enable
43,12,cause
43,13,cause
43,14,cause
43,15,cause
43,16,enable
43,17,affect
43,18,enable
43,19,enable
43,20,affect
43,21,enable
43,22,no_difference
43,23,no_difference
43,24,affect
43,25,enable
43,26,cause
43,27,cause
43,28,no_difference
43,29,no_difference
43,30,no_difference
44,0,no_difference
44,1,enable
44,2,affect
44,3,affect
44,4,affect
44,5,cause
44,6,affect
44,7,enable
44,8,affect
44,9,affect
44,10,cause
44,11,cause
44,12,cause
44,13,cause
44,14,cause
44,15,cause
44,16,cause
44,17,affect
44,18,enable
44,19,cause
44,20,affect
44,21,cause
44,22,no_difference
44,23,no_difference
44,24,cause
44,25,enable
44,26,cause
44,27,cause
44,28,affect
44,29,no_difference
44,30,no_difference
45,0,no_difference
45,1,enable
45,2,no_difference
45,3,cause
45,4,no_difference
45,5,cause
45,6,affect
45,7,enable
45,8,cause
45,9,cause
45,10,affect
45,11,affect
45,12,cause
45,13,cause
45,14,cause
45,15,cause
45,16,cause
45,17,affect
45,18,enable
45,19,affect
45,20,affect
45,21,cause
45,22,no_difference
45,23,no_difference
45,24,affect
45,25,enable
45,26,cause
45,27,affect
45,28,affect
45,29,no_difference
45,30,no_difference
46,0,no_difference
46,1,enable
46,2,no_difference
46,3,cause
46,4,no_difference
46,5,cause
46,6,no_difference
46,7,no_difference
46,8,enable
46,9,no_difference
46,10,cause
46,11,enable
46,12,cause
46,13,cause
46,14,affect
46,15,affect
46,16,cause
46,17,affect
46,18,enable
46,19,no_difference
46,20,affect
46,21,cause
46,22,no_difference
46,23,no_difference
46,24,affect
46,25,no_difference
46,26,cause
46,27,affect
46,28,affect
46,29,no_difference
46,30,no_difference
47,0,no_difference
47,1,enable
47,2,no_difference
47,3,affect
47,4,no_difference
47,5,cause
47,6,cause
47,7,enable
47,8,affect
47,9,affect
47,10,cause
47,11,cause
47,12,cause
47,13,cause
47,14,cause
47,15,affect
47,16,enable
47,17,affect
47,18,enable
47,19,cause
47,20,affect
47,21,affect
47,22,no_difference
47,23,no_difference
47,24,affect
47,25,enable
47,26,cause
47,27,affect
47,28,affect
47,29,no_difference
47,30,no_difference
48,0,no_difference
48,1,enable
48,2,affect
48,3,affect
48,4,no_difference
48,5,enable
48,6,enable
48,7,no_difference
48,8,cause
48,9,cause
48,10,enable
48,11,affect
48,12,cause
48,13,cause
48,14,enable
48,15,cause
48,16,cause
48,17,affect
48,18,enable
48,19,enable
48,20,no_difference
48,21,cause
48,22,no_difference
48,23,no_difference
48,24,affect
48,25,enable
48,26,cause
48,27,affect
48,28,affect
48,29,no_difference
48,30,no_difference
49,0,no_difference
49,1,affect
49,2,no_difference
49,3,cause
49,4,no_difference
49,5,cause
49,6,affect
49,7,no_difference
49,8,enable
49,9,no_difference
49,10,affect
49,11,enable
49,12,cause
49,13,cause
49,14,enable
49,15,affect
49,16,cause
49,17,enable
49,18,enable
49,19,enable
49,20,affect
49,21,enable
49,22,no_difference
49,23,no_difference
49,24,affect
49,25,no_difference
49,26,cause
49,27,affect
49,28,affect
49,29,no_difference
49,30,no_difference
50,0,no_difference
50,1,enable
50,2,affect
50,3,affect
50,4,affect
50,5,cause
50,6,affect
50,7,enable
50,8,enable
50,9,cause
50,10,affect
50,11,enable
50,12,cause
50,13,cause
50,14,cause
50,15,cause
50,16,cause
50,17,affect
50,18,enable
50,19,enable
50,20,affect
50,21,cause
50,22,no_difference
50,23,no_difference
50,24,enable
50,25,enable
50,26,cause
50,27,enable
50,28,affect
50,29,no_difference
50,30,no_difference
51,0,cause
51,1,no_difference
51,2,cause
51,3,enable
51,4,enable
51,5,enable
51,6,cause
51,7,enable
51,8,cause
51,9,enable
51,10,cause
51,11,enable
51,12,cause
51,13,enable
51,14,no_difference
51,15,enable
51,16,cause
51,17,no_difference
51,18,cause
51,19,cause
51,20,no_difference
51,21,enable
51,22,no_difference
51,23,enable
51,24,cause
51,25,enable
51,26,affect
51,27,cause
51,28,affect
51,29,cause
51,30,no_difference
52,0,no_difference
52,1,enable
52,2,no_difference
52,3,cause
52,4,no_difference
52,5,cause
52,6,affect
52,7,enable
52,8,cause
52,9,enable
52,10,affect
52,11,enable
52,12,cause
52,13,affect
52,14,enable
52,15,enable
52,16,cause
52,17,affect
52,18,enable
52,19,affect
52,20,no_difference
52,21,enable
52,22,no_difference
52,23,no_difference
52,24,affect
52,25,enable
52,26,cause
52,27,enable
52,28,no_difference
52,29,no_difference
52,30,no_difference
53,0,no_difference
53,1,enable
53,2,no_difference
53,3,affect
53,4,no_difference
53,5,cause
53,6,cause
53,7,enable
53,8,affect
53,9,affect
53,10,cause
53,11,affect
53,12,cause
53,13,cause
53,14,enable
53,15,affect
53,16,cause
53,17,affect
53,18,enable
53,19,affect
53,20,no_difference
53,21,enable
53,22,no_difference
53,23,no_difference
53,24,cause
53,25,enable
53,26,affect
53,27,enable
53,28,no_difference
53,29,no_difference
53,30,no_difference
54,0,no_difference
54,1,enable
54,2,no_difference
54,3,enable
54,4,no_difference
54,5,cause
54,6,affect
54,7,enable
54,8,cause
54,9,cause
54,10,affect
54,11,enable
54,12,cause
54,13,cause
54,14,enable
54,15,cause
54,16,cause
54,17,affect
54,18,enable
54,19,enable
54,20,cause
54,21,enable
54,22,no_difference
54,23,no_difference
54,24,affect
54,25,enable
54,26,cause
54,27,enable
54,28,affect
54,29,no_difference
54,30,no_difference
55,0,no_difference
55,1,affect
55,2,no_difference
55,3,cause
55,4,no_difference
55,5,cause
55,6,affect
55,7,enable
55,8,enable
55,9,cause
55,10,affect
55,11,enable
55,12,cause
55,13,affect
55,14,affect
55,15,cause
55,16,cause
55,17,no_difference
55,18,cause
55,19,no_difference
55,20,affect
55,21,affect
55,22,no_difference
55,23,no_difference
55,24,affect
55,25,enable
55,26,cause
55,27,affect
55,28,no_difference
55,29,no_difference
55,30,no_difference
56,0,no_difference
56,1,enable
56,2,no_difference
56,3,cause
56,4,no_difference
56,5,cause
56,6,affect
56,7,no_difference
56,8,affect
56,9,no_difference
56,10,affect
56,11,enable
56,12,cause
56,13,cause
56,14,affect
56,15,cause
56,16,cause
56,17,enable
56,18,enable
56,19,cause
56,20,affect
56,21,enable
56,22,no_difference
56,23,no_difference
56,24,cause
56,25,no_difference
56,26,affect
56,27,no_difference
56,28,no_difference
56,29,no_difference
56,30,no_difference
57,0,no_difference
57,1,enable
57,2,no_difference
57,3,enable
57,4,no_difference
57,5,enable
57,6,no_difference
57,7,enable
57,8,cause
57,9,cause
57,10,enable
57,11,enable
57,12,cause
57,13,cause
57,14,affect
57,15,enable
57,16,enable
57,17,affect
57,18,enable
57,19,cause
57,20,affect
57,21,cause
57,22,no_difference
57,23,no_difference
57,24,enable
57,25,enable
57,26,cause
57,27,enable
57,28,no_difference
57,29,no_difference
57,30,no_difference
58,0,no_difference
58,1,enable
58,2,no_difference
58,3,cause
58,4,no_difference
58,5,cause
58,6,cause
58,7,enable
58,8,affect
58,9,cause
58,10,cause
58,11,cause
58,12,cause
58,13,cause
58,14,affect
58,15,cause
58,16,cause
58,17,affect
58,18,enable
58,19,cause
58,20,affect
58,21,affect
58,22,no_difference
58,23,no_difference
58,24,affect
58,25,enable
58,26,cause
58,27,affect
58,28,cause
58,29,no_difference
58,30,no_difference
59,0,no_difference
59,1,enable
59,2,affect
59,3,cause
59,4,affect
59,5,cause
59,6,cause
59,7,enable
59,8,cause
59,9,cause
59,10,cause
59,11,enable
59,12,cause
59,13,cause
59,14,cause
59,15,cause
59,16,cause
59,17,affect
59,18,enable
59,19,enable
59,20,affect
59,21,cause
59,22,no_difference
59,23,no_difference
59,24,enable
59,25,enable
59,26,cause
59,27,cause
59,28,affect
59,29,no_difference
59,30,no_difference
60,0,no_difference
60,1,enable
60,2,no_difference
60,3,cause
60,4,affect
60,5,cause
60,6,enable
60,7,enable
60,8,enable
60,9,cause
60,10,enable
60,11,enable
60,12,cause
60,13,enable
60,14,cause
60,15,cause
60,16,cause
60,17,affect
60,18,enable
60,19,affect
60,20,affect
60,21,enable
60,22,no_difference
60,23,no_difference
60,24,enable
60,25,enable
60,26,cause
60,27,cause
60,28,affect
60,29,no_difference
60,30,no_difference
61,0,no_difference
61,1,enable
61,2,no_difference
61,3,cause
61,4,no_difference
61,5,cause
61,6,enable
61,7,enable
61,8,affect
61,9,cause
61,10,enable
61,11,enable
61,12,cause
61,13,cause
61,14,enable
61,15,cause
61,16,cause
61,17,enable
61,18,enable
61,19,no_difference
61,20,no_difference
61,21,enable
61,22,no_difference
61,23,no_difference
61,24,enable
61,25,enable
61,26,enable
61,27,enable
61,28,no_difference
61,29,no_difference
61,30,no_difference
62,0,no_difference
62,1,enable
62,2,no_difference
62,3,cause
62,4,enable
62,5,cause
62,6,affect
62,7,no_difference
62,8,cause
62,9,cause
62,10,cause
62,11,cause
62,12,enable
62,13,cause
62,14,cause
62,15,cause
62,16,cause
62,17,enable
62,18,enable
62,19,cause
62,20,cause
62,21,cause
62,22,no_difference
62,23,no_difference
62,24,enable
62,25,enable
62,26,affect
62,27,cause
62,28,affect
62,29,no_difference
62,30,no_difference
63,0,enable
63,1,no_difference
63,2,cause
63,3,affect
63,4,cause
63,5,affect
63,6,cause
63,7,no_difference
63,8,no_difference
63,9,affect
63,10,enable
63,11,affect
63,12,affect
63,13,cause
63,14,enable
63,15,affect
63,16,cause
63,17,cause
63,18,cause
63,19,affect
63,20,affect
63,21,cause
63,22,affect
63,23,affect
63,24,affect
63,25,affect
63,26,cause
63,27,affect
63,28,affect
63,29,affect
63,30,cause
